BIN,Address,Borough,Community Board,Number of Permits,Number of Stories,ScaffoldShedFence,Job Type,Job Number,Contractor,Lat,Lon,Accidents,CO/TCO,CO/TCO Recent Date,Score
1000041,11 STONE STREET,MANHATTAN,101.0,6,27,YES,NB,121333057,ANTHONY T. RINALDI LLC,40.704200744628906,-74.01223754882812,0,NO,,5
1000797,42 TRINITY PLACE,MANHATTAN,101.0,7,40,YES,NB,121191021,GILBANE RESIDENTIAL CONST,40.70735931396485,-74.01358032226562,1,NO,,6
1000815,1 WALL STREET,MANHATTAN,101.0,10,51,YES,A1,121190086,JT MAGEN & COMPANY INC,40.70711898803711,-74.01183319091797,9,NO,,6
1000816,24 BROAD STREET,MANHATTAN,101.0,5,30,NO,A2,140853878,K.G. MECHANICAL INC,40.70661926269531,-74.01145935058594,4,NO,,5
1001021,28 LIBERTY STREET,MANHATTAN,101.0,5,61,NO,A2,123705259,JT MAGEN & COMPANY INC,40.70777130126953,-74.00911712646484,1,NO,,5
1001389,375 PEARL STREET,MANHATTAN,101.0,5,32,NO,A2,122986812,TISHMAN INTERIORS CORP,40.71091079711914,-74.00116729736328,3,NO,,5
1001409,100 CHURCH STREET,MANHATTAN,101.0,6,20,YES,A1,121287981,VIR CONSTRUCTION INC,40.71329116821289,-74.01013946533203,1,NO,,5
1003795,9 ORCHARD STREET,MANHATTAN,103.0,10,12,YES,A1,121326010,DNP BUILDERS LLC,40.71477890014648,-73.99221801757812,4,NO,,6
1007822,161 AVENUE OF THE AMERICAS,MANHATTAN,102.0,9,15,YES,A2,123548483,JT MAGEN & COMPANY INC,40.72589111328125,-74.00431823730469,0,NO,,5
1007824,233 SPRING STREET,MANHATTAN,102.0,7,10,YES,A2,123597606,ALL PRO PLBG & HTG INC,40.72591018676758,-74.00475311279297,1,NO,,5
1008181,308 MULBERRY STREET,MANHATTAN,102.0,4,12,NO,NB,121190040,FOUNDATIONS GROUP I INC,40.72549057006836,-73.99439239501953,1,NO,,5
1008952,770 BROADWAY,MANHATTAN,102.0,8,15,YES,A2,123753009,GEORGE BRESLAW PLBNG LLC,40.73059844970703,-73.99152374267578,0,NO,,5
1009134,817 BROADWAY,MANHATTAN,102.0,8,14,YES,A1,123119446,JRM CONSTRUCTION MGMT LLC,40.73320007324219,-73.99152374267578,1,NO,,6
1009137,809 BROADWAY,MANHATTAN,102.0,6,15,YES,A1,121236983,FOUNDATIONS INTERIOR DESI,40.73289108276367,-73.99150848388672,1,NO,,5
1009751,77 CHARLTON STREET,MANHATTAN,102.0,4,15,NO,NB,121187731,TOLL GC LLC,40.72761154174805,-74.00639343261719,2,NO,,5
1010329,465 WASHINGTON STREET,MANHATTAN,101.0,8,10,NO,A1,120383049,MJM ASSOCIATES CONSTR LLC,40.72463989257813,-74.00993347167969,0,NO,,5
1010356,550 WASHINGTON STREET,MANHATTAN,102.0,7,12,NO,A1,123156057,TURNER CONSTRUCTION COMPA,40.72858047485352,-74.00997924804688,2,NO,,5
1012291,532 WEST 20TH STREET,MANHATTAN,104.0,5,11,NO,NB,121190601,DDG DEVELOPMENT LLC,40.74626159667969,-74.00717163085938,2,NO,,6
1012317,542 WEST 22 STREET,MANHATTAN,104.0,5,5,YES,NB,122547583,WESTERMAN CONSTRUCTION CO,40.747650146484375,-74.00672912597656,1,NO,,5
1012322,555 WEST 22 STREET,MANHATTAN,104.0,5,26,NO,NB,121204366,RELATED CONTRUCTION LLC,40.74821090698242,-74.00688934326172,1,NO,,6
1012856,436 10TH AVENUE,MANHATTAN,104.0,6,29,YES,NB,121237009,ATRIA BUILDERS LLC,40.75468063354492,-73.9986572265625,8,NO,,6
1012975,441 WEST 37 STREET,MANHATTAN,104.0,3,11,NO,NB,122865319,HAPPY LIVING DEVELOPMENT,40.756248474121094,-73.99664306640625,1,NO,,5
1013043,111 8TH AVENUE,MANHATTAN,104.0,8,17,NO,A2,140868853,M. COHEN AND SONS INC,40.74135971069336,-74.0031967163086,0,NO,,5
1013540,368 NINTH AVENUE,MANHATTAN,104.0,8,16,NO,A1,123228603,METROPOLITAN BUILDING SER,40.75109100341797,-73.99732971191406,0,NO,,5
1013652,338 WEST 39 STREET,MANHATTAN,104.0,5,25,YES,NB,121189659,BARONE MANAGEMENT LLC,40.75593948364258,-73.99320983886719,1,NO,,6
1014130,222 WEST 23RD STREET,MANHATTAN,104.0,9,12,YES,A1,120853754,VEMA GROUP LLC,40.74430847167969,-73.99688720703125,2,NO,,6
1014260,211 WEST 28TH STREET,MANHATTAN,105.0,8,14,YES,A1,122143457,CHATEAU GC LLC,40.74769973754883,-73.993896484375,3,NO,,6
1014338,251 WEST 30 STREET,MANHATTAN,105.0,5,16,NO,A1,123107084,SPK/LEWIS CONSTRUCTION LL,40.74946975708008,-73.9942626953125,1,NO,,5
1014526,531 SIXTH AVENUE,MANHATTAN,104.0,5,13,NO,NB,123174803,NEW LINE STRUCTURES & DEV,40.73768997192383,-73.99696350097656,2,NO,,6
1014563,124 WEST 16TH STREET,MANHATTAN,104.0,9,11,YES,NB,121026709,TITANIUM CONSTRUCTION SER,40.73900985717773,-73.99723815917969,1,NO,,7
1014986,112 WEST 25TH ST,MANHATTAN,104.0,9,39,YES,NB,121187214,FLINTLOCK CONSTR SERV LLC,40.744300842285156,-73.99273681640625,2,NO,,7
1015090,132 WEST 28TH STREET,MANHATTAN,105.0,5,32,NO,NB,123329521,MILESTONE CONSTRUCTION C,40.7464485168457,-73.99207305908203,0,NO,,5
1015093,140 WEST 28 STREET,MANHATTAN,105.0,6,46,NO,NB,121190950,OMNIBUILD CONSTRUCTION IN,40.74660110473633,-73.992431640625,1,NO,,6
1015478,150 5TH AVENUE,MANHATTAN,105.0,5,12,NO,A1,122700292,METROPOLITAN BUILDING SER,40.73966979980469,-73.99152374267578,4,NO,,5
1015534,162 5TH AVENUE,MANHATTAN,105.0,6,12,YES,A1,122984896,L&K PARTNERS INC,40.7405891418457,-73.99080657958984,1,NO,,5
1015729,250 5TH AVE,MANHATTAN,105.0,7,23,YES,A1,122414002,ANTHONY T. RINALDI LLC,40.74502182006836,-73.98760986328125,1,NO,,5
1015805,1250 BROADWAY,MANHATTAN,105.0,6,39,NO,A1,121204231,CAVAN BUILDERS CORP,40.74776840209961,-73.98787689208984,1,NO,,5
1015859,50 WEST 34TH STREET,MANHATTAN,105.0,5,26,YES,A2,123354841,PRATT CONSTRUCTION & REST,40.74924087524414,-73.98754119873047,1,NO,,5
1016004,424 5 AVENUE,MANHATTAN,105.0,7,13,NO,A1,121189597,ARCHSTONE BUILDERS LLC,40.75149917602539,-73.98306274414062,6,NO,,5
1016018,58 WEST 39TH STREET,MANHATTAN,105.0,1,34,NO,NB,123111952,CROSSCITY CONSTRUCTION CO,40.75246047973633,-73.98493957519531,1,NO,,5
1017019,2 PARK AVENUE,MANHATTAN,105.0,6,28,NO,A1,123139610,TULLA CONTRACTING CORP,40.74633026123047,-73.98259735107422,1,NO,,5
1017220,22 EAST 38TH STREET,MANHATTAN,106.0,5,19,NO,A1,123432605,NEWGRANGE CONSTRUCTION CO,40.74996948242188,-73.98094940185547,1,NO,,5
1017592,23 EAST 39 STREET,MANHATTAN,106.0,8,27,NO,NB,121192253,FLINTLOCK CONSTR SERV LLC,40.75088882446289,-73.98005676269531,0,NO,,6
1017828,40 IRVING PLACE,MANHATTAN,106.0,9,9,YES,A2,103649884,VARSITY PLBG AND HTG INC,40.73532104492188,-73.98709106445312,2,NO,,5
1018063,315 PARK AVE SOUTH,MANHATTAN,105.0,6,20,YES,A2,123807470,CURRENT FIRE PROTECTION I,40.74050903320313,-73.98562622070312,1,NO,,5
1022709,1271 AVENUE OF THE AMERICAS,MANHATTAN,105.0,12,47,YES,A1,123401835,JRM CONSTRUCTION MGMT LLC,40.76054000854492,-73.98100280761719,7,NO,,7
1023395,106 WEST 56TH STREET,MANHATTAN,105.0,7,27,YES,NB,123057538,ANTHONY T. RINALDI LLC,40.76369094848633,-73.9783706665039,1,NO,,6
1023728,111 WEST 57 STREET,MANHATTAN,105.0,10,82,YES,A1,121332968,JDS CONSTRUCTION GROUP*,40.764949798583984,-73.97756958007812,1,NO,,6
1023730,101 WEST 57TH STREET,MANHATTAN,105.0,7,19,NO,A1,123534504,STRUCTURE TONE LLC,40.7646598815918,-73.97734832763672,1,NO,,5
1024793,1619 BROADWAY,MANHATTAN,105.0,6,11,NO,A1,123594440,WEWORK CONSTRUCTION LLC,40.761138916015625,-73.9846420288086,1,NO,,5
1024901,1776 BROADWAY,MANHATTAN,105.0,9,25,YES,A1,121187768,JT MAGEN & COMPANY INC,40.7663688659668,-73.98149108886719,3,NO,,6
1024909,5 COLUMBUS CIRCLE,MANHATTAN,105.0,6,20,NO,A1,122672704,VEMA GROUP LLC,40.76673889160156,-73.9814224243164,3,NO,,5
1026318,10 COLUMBUS CIRCLE,MANHATTAN,104.0,6,54,NO,A2,123707373,ECLIPSE DEVELOPMENT INC,40.768470764160156,-73.98309326171875,1,NO,,5
1026982,547 WEST 47 STREET,MANHATTAN,104.0,4,12,NO,NB,121204302,CM AND ASSOCIATES CONSTRU,40.76409149169922,-73.99537658691406,2,NO,,5
1027125,660 12TH AVENUE,MANHATTAN,104.0,11,7,YES,A1,121184501,REDCOM DESIGN & CONSTRUCT,40.765480041503906,-73.99656677246094,1,NO,,6
1028168,36 WEST 66TH STREET,MANHATTAN,107.0,4,41,NO,NB,121190200,LENDLEASE(US)CONSTRUCTION,40.77268981933594,-73.98002624511719,1,NO,,5
1030358,200 AMSTERDAM AVENUE,MANHATTAN,107.0,6,51,NO,NB,122887224,PAVARINI MCGOVERN LLC,40.77696990966797,-73.98322296142578,7,NO,,6
1030422,214 WEST 72 STREET,MANHATTAN,107.0,6,21,NO,NB,121204516,CM AND ASSOCIATES CONSTRU,40.778751373291016,-73.98271179199219,1,NO,,6
1032522,154 WEST 93 STREET,MANHATTAN,107.0,6,10,YES,A2,103645762,KW TECH CORP,40.791358947753906,-73.97097778320312,1,NO,,5
1035071,9 WEST 57TH STREET,MANHATTAN,105.0,5,50,NO,A2,123764792,JT MAGEN & COMPANY INC,40.76388931274414,-73.97499084472656,1,NO,,5
1035072,7 WEST 57TH STREET,MANHATTAN,105.0,5,19,NO,NB,121191441,SECOND AVE SOLOW DEV CORP,40.763519287109375,-73.97456359863281,1,NO,,6
1035360,335 MADISON AVENUE,MANHATTAN,105.0,7,29,NO,A1,121188204,SCIAME CONSTRUCTION LLC,40.75358963012695,-73.97810363769531,1,NO,,5
1035403,390 MADISON AVENUE,MANHATTAN,105.0,5,32,NO,A2,123513331,METROPOLITAN BUILDING SER,40.755821228027344,-73.97765350341797,1,NO,,5
1035421,270 PARK AVENUE,MANHATTAN,105.0,9,52,NO,DM,123656640,NORTHSTAR CONTRACTING GRO,40.7559814453125,-73.97599029541016,2,NO,,6
1035780,450 PARK AVENUE,MANHATTAN,105.0,5,32,NO,A2,123782004,ABCO-PEERLESS SPRKLR CORP,40.76148986816406,-73.97132873535156,1,NO,,5
1036460,345 PARK AVENUE,MANHATTAN,105.0,8,44,NO,A1,123531525,JAMES E FITZGERALD INC,40.75775909423828,-73.97242736816406,0,NO,,5
1036505,425 PARK AVENUE,MANHATTAN,105.0,7,42,YES,NB,121333921,TISHMAN CONSTRUCTION CORP,40.76042938232422,-73.97103881835938,8,NO,,6
1036876,139 EAST 56 STREET,MANHATTAN,106.0,9,17,NO,NB,123028810,HUNTER ROBERTS CONST. GRP,40.76034164428711,-73.96923065185547,4,NO,,7
1038564,232 EAST 54 STREET,MANHATTAN,106.0,6,37,YES,NB,121190111,HUDSON 37 LLC,40.75756072998047,-73.96769714355469,0,NO,,5
1040155,435 EAST 52ND STREET,MANHATTAN,106.0,9,26,YES,A2,123808095,NORDIC CUSTOM BUILDERS IN,40.754638671875,-73.9631118774414,1,NO,,6
1040762,18 EAST 60TH STREET,MANHATTAN,108.0,8,22,YES,A1,123206949,VANGUARD CONSTRUCTION AND,40.76390838623047,-73.97083282470703,0,NO,,5
1040917,815 5 AVENUE,MANHATTAN,108.0,6,14,YES,A1,121327493,SAGEWOOD CONSTRUCTION & D,40.76641082763672,-73.9710464477539,1,NO,,5
1041901,111 EAST 59TH STREET,MANHATTAN,108.0,5,15,NO,A2,123810484,R.J.C. MECHANICAL CORP,40.7629508972168,-73.96894073486328,2,NO,,5
1043853,1059 THIRD AVENUE,MANHATTAN,108.0,7,30,YES,NB,121187599,HUDSON MERIDIAN CONSTRUCT,40.763671875,-73.9646224975586,5,NO,,6
1043921,211 EAST 70TH STREET,MANHATTAN,108.0,6,34,YES,A2,123718904,ARA PLUMBING CORP,40.768409729003906,-73.9605484008789,1,NO,,5
1044226,305 EAST 61ST STREET,MANHATTAN,108.0,5,10,NO,A2,123455803,CROSSFIELD PLBG & HTG COR,40.76184844970703,-73.96272277832031,3,NO,,5
1046433,27 EAST 79TH STREET,MANHATTAN,108.0,4,15,NO,NB,121190852,PRESS BUILDERS INC,40.776710510253906,-73.96234893798828,1,NO,,5
1047572,1444 THIRD AVENUE,MANHATTAN,108.0,5,10,YES,NB,121331424,NEXUS BUILDING DEVELOPMNT,40.77627182006836,-73.95626831054688,0,NO,,5
1049869,301 EAST 81 STREET,MANHATTAN,108.0,3,19,NO,NB,122143377,CM AND ASSOCIATES CONSTRU,40.77465057373047,-73.95368957519531,1,NO,,5
1051260,511 EAST 86 STREET,MANHATTAN,108.0,4,25,NO,NB,123062078,K S K CONSTRUCTION GROUP,40.7759895324707,-73.94647216796875,1,NO,,5
1053478,56 W 125 STREET,MANHATTAN,110.0,5,17,NO,NB,123519022,PRESTIGE CONSTRUCTION NY,40.80704116821289,-73.9444808959961,0,NO,,5
1058657,233 WEST 125TH STREET,MANHATTAN,110.0,8,26,NO,NB,121187447,FLINTLOCK CONSTR SERV LLC,40.809959411621094,-73.9493637084961,11,NO,,7
1059296,362 W 125 STREET,MANHATTAN,109.0,4,12,YES,NB,123035624,NOBLE CONSTRUCTION GR LLC,40.81074142456055,-73.9534683227539,2,NO,,5
1059669,3080 BROADWAY,MANHATTAN,109.0,10,11,NO,A1,122940791,GILBANE BUILDING COMPANY,40.8119010925293,-73.96025848388672,0,NO,,5
1059836,600 WEST 122ND STREET,MANHATTAN,109.0,11,5,YES,A2,123662287,MAGIC MECHANICAL INC,40.81142044067383,-73.96214294433594,0,NO,,5
1067116,421 HUDSON STREET,MANHATTAN,102.0,9,10,YES,A2,122987811,TRIBUTE RESTORATION INC,40.729881286621094,-74.00731658935547,0,NO,,5
1071414,1166 AVENUE OF THE AMERICAS,MANHATTAN,105.0,6,44,NO,A2,123688544,ABCO-PEERLESS SPRKLR CORP,40.75682067871094,-73.98184967041016,1,NO,,5
1071457,399 PARK AVENUE,MANHATTAN,105.0,8,43,NO,A1,122649642,TISHMAN CONSTRUCTION CORP,40.759010314941406,-73.97152709960938,1,NO,,6
1076268,277 PARK AVE,MANHATTAN,105.0,6,52,NO,A2,123174947,CAULDWELL WINGATE CO LLC,40.7552490234375,-73.97425842285156,3,NO,,5
1079377,235 WEST 75TH STREET,MANHATTAN,107.0,10,14,YES,A1,120841928,NAF CONSTRUCTION MANAGEME,40.78155899047852,-73.98165893554688,1,NO,,6
1080089,708 BROADWAY,MANHATTAN,102.0,6,10,NO,A1,121204614,SUFFOLK CONSTRUCTION COMP,40.72853088378906,-73.99320983886719,1,NO,,5
1080924,460 WEST 41ST STREET,MANHATTAN,104.0,5,12,NO,NB,121188614,MONADNOCK CONSTRUCTION IN,40.75846862792969,-73.99579620361328,0,NO,,5
1084771,301 PARK AVENUE,MANHATTAN,105.0,7,44,NO,A1,121191245,TISHMAN CONSTRUCTION CORP,40.75650024414063,-73.97335052490234,1,NO,,5
1085096,250 WEST 43 STREET,MANHATTAN,105.0,6,23,YES,A1,120272025,FLINTLOCK CONSTR SERV LLC,40.75733184814453,-73.9885025024414,1,NO,,5
1085494,1568 AIR BROADWAY,MANHATTAN,105.0,7,46,NO,A1,121191236,PAVARINI MCGOVERN LLC,40.75905990600586,-73.98471069335938,2,NO,,5
1085682,151 WEST 42ND ST,MANHATTAN,105.0,5,51,NO,A2,123395174,CROSS MANAGEMENT CORP,40.756019592285156,-73.98576354980469,1,NO,,5
1085726,525 8 AVENUE,MANHATTAN,104.0,8,31,YES,NB,121191165,OMNIBUILD CONSTRUCTION IN,40.75381851196289,-73.99266815185547,0,NO,,6
1085735,200 PARK AVENUE,MANHATTAN,105.0,5,59,NO,A2,123406901,CLUNE CONSTRUCTION CO LP,40.7541618347168,-73.97654724121094,2,NO,,5
1087143,149 EAST 125TH ST,MANHATTAN,111.0,12,11,YES,NB,121192388,ZDG LLC,40.804420471191406,-73.93641662597656,3,NO,,8
1087632,222 EAST 41ST STREET,MANHATTAN,106.0,6,25,YES,A2,123392621,SIRINA FIRE PROT CORP,40.74932098388672,-73.97408294677734,1,NO,,5
1088646,56 LEONARD STREET,MANHATTAN,101.0,5,56,NO,A2,123774610,FULL CIRCLE PLUMBING CORP,40.7176513671875,-74.00624084472656,3,NO,,5
1088692,98 FRANKLIN STREET,MANHATTAN,101.0,7,8,YES,NB,121185993,DDG DEVELOPMENT LLC,40.71892929077149,-74.00538635253906,2,NO,,5
1088815,215 PEARL STREET,MANHATTAN,101.0,10,38,YES,NB,121017559,ANTHONY T. RINALDI LLC,40.707218170166016,-74.00631713867188,5,NO,,7
1089451,175 DELANCEY STREET,MANHATTAN,103.0,5,14,NO,A2,123734940,PAR PLUMBING CO. INC,40.71704864501953,-73.98576354980469,1,NO,,5
1089691,400 11TH AVENUE,MANHATTAN,104.0,3,14,NO,NB,121186705,TISHMAN CONSTRUCTION CORP,40.75592041015625,-74.0011978149414,1,NO,,5
1089695,450 WEST 33RD STREET,MANHATTAN,104.0,7,15,YES,A2,123449072,PARKVIEW P&H INC,40.7530403137207,-73.99945068359375,1,NO,,5
1089732,113 WEST 24 STREET,MANHATTAN,104.0,5,43,YES,NB,121204598,FLINTLOCK CONSTR SERV LLC,40.74406051635742,-73.9929428100586,1,NO,,6
1089807,76 11TH AVENUE,MANHATTAN,104.0,8,36,YES,NB,121190308,OMNIBUILD CONSTRUCTION IN,40.74470138549805,-74.0074234008789,3,NO,,7
1089811,16 EAST 39TH STREET,MANHATTAN,105.0,7,22,NO,NB,121190317,OMNIBUILD CONSTRUCTION IN,40.75099182128906,-73.9814682006836,0,NO,,5
1089829,525 WEST 122ND STREET,MANHATTAN,109.0,5,33,NO,NB,121191628,GILBANE RESIDENTIAL CONST,40.81161880493164,-73.95966339111328,1,NO,,6
1089891,180 BROOME STREET,MANHATTAN,103.0,5,25,NO,NB,121191110,CONSIGLI & ASSOCIATES LLC,40.71733093261719,-73.9864501953125,4,NO,,6
1089905,202 BROOME STREET,MANHATTAN,103.0,4,15,NO,NB,121203937,TRITON CONSTRUCTION CO.,40.71723175048828,-73.98724365234375,1,NO,,5
1089974,442 WEST 33RD STREET,MANHATTAN,104.0,7,21,NO,NB,121187713,PAVARINI MCGOVERN LLC,40.75297927856445,-73.99859619140625,2,NO,,6
1090103,251 WEST 117TH STREET,MANHATTAN,110.0,5,13,NO,NB,121204053,ARTIMUS CONSTRUCTION INC,40.80472946166992,-73.9533920288086,1,NO,,6
1090122,66 HUDSON BOULEVARD,MANHATTAN,104.0,6,66,NO,NB,122885422,TURNER CONSTRUCTION COMPA,40.7547607421875,-74.00083923339844,2,NO,,6
1090142,1465 PARK AVENUE,MANHATTAN,111.0,9,15,NO,NB,121191432,CONGRESS BUILDERS LLC,40.793678283691406,-73.94644165039062,3,NO,,7
1090149,351 WEST 38TH STREET,MANHATTAN,104.0,5,25,NO,NB,121289435,LEEDING BUILDERS GROUP LL,40.75580978393555,-73.99365997314453,1,NO,,6
1090150,350 WEST 39TH STREET,MANHATTAN,104.0,5,25,NO,NB,121193608,OMNIBUILD CONSTRUCTION IN,40.75605010986328,-73.99347686767578,0,NO,,5
1090163,450 WEST 126 STREET,MANHATTAN,109.0,3,11,NO,NB,121643043,LENDLEASE(US)CONSTRUCTION,40.81290054321289,-73.95498657226562,1,NO,,5
1090183,407 LENOX AVENUE,MANHATTAN,110.0,5,10,NO,NB,121187660,D.P. GROUP GENERAL CONTRA,40.811370849609375,-73.9433364868164,1,NO,,6
1090212,239 10 AVENUE,MANHATTAN,104.0,5,11,NO,A2,123896819,REIDY CONTRACTING GROUP,40.74863052368164,-74.00382995605469,2,NO,,5
1090213,514 WEST 24 STREET,MANHATTAN,104.0,3,10,NO,NB,121186858,JDS CONSTRUCTION GROUP*,40.74858093261719,-74.00480651855469,1,NO,,5
1090257,161 MAIDEN LANE,MANHATTAN,101.0,6,57,NO,NB,121185680,RAY BUILDERS INC,40.70550155639648,-74.00476837158203,4,NO,,6
1090263,181 MERCER STREET,MANHATTAN,102.0,5,23,YES,NB,121191174,TURNER CONSTRUCTION COMPA,40.72679901123047,-73.99796295166016,0,NO,,5
1090274,415 10TH AVENUE,MANHATTAN,104.0,6,58,YES,NB,121191414,HUDSON YARDS CONST II LLC,40.754539489746094,-74.00010681152344,2,NO,,6
1090301,22 NORTH LOOP ROAD,MANHATTAN,108.0,6,19,NO,NB,121203697,HUNTER ROBERTS CONST. GRP,40.75548934936523,-73.95623016357422,7,NO,,6
1090305,301 EAST 80TH STREET,MANHATTAN,108.0,5,30,NO,NB,122847241,CM AND ASSOCIATES CONSTRU,40.77410888671875,-73.95408630371094,4,NO,,6
1090307,111 LEROY STREET,MANHATTAN,102.0,7,10,YES,NB,122622992,THE VOREA CONSTRUCTION CO,40.73051071166992,-74.00749969482422,7,NO,,6
1090354,2395 FREDERICK DOUGLAS BLVD,MANHATTAN,110.0,5,15,NO,NB,121191557,SUMMIT JV LLC,40.81254959106445,-73.94979858398438,0,NO,,5
1090365,430 EAST 58TH STREET,MANHATTAN,106.0,6,85,NO,NB,121191423,LENDLEASE(US)CONSTRUCTION,40.75823974609375,-73.96127319335938,3,NO,,6
1090401,249 EAST 50TH STREET,MANHATTAN,106.0,4,15,NO,NB,121191129,PRO-H DEVELOPMENT INC,40.7552604675293,-73.9688491821289,1,NO,,5
1090443,1227 BROADWAY,MANHATTAN,105.0,9,38,YES,NB,121191986,FLINTLOCK CONSTR SERV LLC,40.74658966064453,-73.98889923095703,5,NO,,7
1090444,615 10TH AVENUE,MANHATTAN,104.0,6,7,YES,NB,121190889,LEEDING BUILDERS GROUP LL,40.76137924194336,-73.99463653564453,1,NO,,5
1090462,35 WEST 28TH STREET,MANHATTAN,105.0,6,38,NO,NB,121190371,LENDLEASE(US)CONSTRUCTION,40.74544906616211,-73.98908996582031,1,NO,,6
1090466,292 5 AVENUE,MANHATTAN,105.0,3,21,NO,NB,121184789,PACIFIC RIM  LLC,40.746429443359375,-73.98641204833984,1,NO,,5
1090475,25 PARK ROW,MANHATTAN,101.0,7,50,YES,NB,121190610,URBAN ATELIER GROUP LLC,40.71129989624024,-74.00740814208984,7,NO,,6
1090476,1 BEEKMAN STREET,MANHATTAN,101.0,8,25,YES,NB,121193546,CONSIGLI & ASSOCIATES LLC,40.71146011352539,-74.00702667236328,2,NO,,7
1090479,15 EAST 30 STREET,MANHATTAN,105.0,7,56,YES,NB,122128679,MADISON 30 31 OWNER LLC,40.74571990966797,-73.98515319824219,9,NO,,6
1090485,255 EAST HOUSTON STREET,MANHATTAN,103.0,7,13,NO,NB,121189711,K S K CONSTRUCTION GROUP,40.72148895263672,-73.9851303100586,1,NO,,6
1090512,30 EAST 31ST STREET,MANHATTAN,105.0,5,42,YES,NB,121192681,E&T SKYLINE CONSTRUCTION,40.745460510253906,-73.98397064208984,2,NO,,6
1090540,30 WARREN STREET,MANHATTAN,101.0,5,12,YES,NB,122131371,CONSIGLI & ASSOCIATES LLC,40.71451950073242,-74.00798797607422,0,NO,,5
1090562,130 WILLIAM STREET,MANHATTAN,101.0,9,61,YES,NB,121192903,GILBANE RESIDENTIAL CONST,40.70911026000977,-74.00634765625,4,NO,,7
1090571,500 W25TH STREET,MANHATTAN,104.0,5,10,NO,NB,121190932,AVO CONSTRUCTION LLC,40.74897003173828,-74.00360107421875,2,NO,,6
1090579,207 WEST 40TH STREET,MANHATTAN,105.0,4,29,NO,NB,121192949,FLINTLOCK CONSTR SERV LLC,40.755069732666016,-73.98812866210938,2,NO,,5
1090582,601 WASHINGTON STREET,MANHATTAN,102.0,6,9,YES,NB,121329053,TITANIUM CONSTRUCTION SER,40.73054885864258,-74.00859832763672,1,NO,,5
1090610,570 BROOME STREET,MANHATTAN,102.0,9,25,YES,NB,121186563,K S K CONSTRUCTION GROUP,40.72465133666992,-74.006591796875,1,NO,,7
1090636,4 WEST 37 STREET,MANHATTAN,105.0,7,24,YES,NB,121192173,CCNY CONSTRUCTION INC,40.75043869018555,-73.98399353027344,0,NO,,5
1090641,315 EAST 46TH STREET,MANHATTAN,106.0,9,9,NO,NB,122481741,PLAZA CONSTRUCTION LLC,40.75217819213867,-73.96929931640625,6,NO,,6
1090642,821 1ST AVENUE,MANHATTAN,106.0,5,35,NO,NB,121191138,TISHMAN CONSTRUCTION CORP,40.75139999389648,-73.96853637695312,0,NO,,5
1090646,140 WEST 24TH STREET,MANHATTAN,104.0,4,45,NO,NB,121204106,OMNIBUILD CONSTRUCTION IN,40.74415969848633,-73.99430847167969,1,NO,,5
1090647,614 WEST 131ST STREET,MANHATTAN,109.0,9,1,NO,NB,121187161,TURNER CONSTRUCTION COMPA,40.8178596496582,-73.9586181640625,0,NO,,5
1090651,219 HUDSON STREET,MANHATTAN,102.0,2,10,NO,NB,121187884,EXPRESS BUILDERS JB INC,40.72417068481445,-74.00816345214844,1,NO,,5
1090661,110 CHARLTON STREET,MANHATTAN,102.0,5,27,NO,NB,121191263,PLAZA CONSTRUCTION LLC,40.72711944580078,-74.00855255126953,9,NO,,6
1090662,1802 SECOND AVENUE,MANHATTAN,108.0,9,24,YES,NB,121191361,CONSIGLI & ASSOCIATES LLC,40.78247833251953,-73.94799041748047,1,NO,,7
1090665,150 EAST 23 STREET,MANHATTAN,106.0,6,19,YES,NB,121981748,W & L GROUP CONSTRUCTION,40.73891067504883,-73.98404693603516,0,NO,,5
1090671,111 VARICK STREET,MANHATTAN,102.0,6,27,NO,NB,122383152,CM AND ASSOCIATES CONSTRU,40.72460174560547,-74.00631713867188,1,NO,,6
1090673,101 MORNINGSIDE AVENUE,MANHATTAN,109.0,10,11,YES,NB,122068467,PRESS BUILDERS INC,40.810150146484375,-73.95452117919922,0,NO,,6
1090675,1912 1 AVENUE,MANHATTAN,111.0,6,16,YES,NB,122879233,PROCIDA CONSTRUCTION CORP,40.784339904785156,-73.94320678710938,3,NO,,6
1090691,12 EAST 48 STREET,MANHATTAN,105.0,7,32,YES,NB,121190816,ANTHONY T. RINALDI LLC,40.75661087036133,-73.97736358642578,3,NO,,6
1090692,11 GREENE STREET,MANHATTAN,102.0,5,6,NO,NB,121186135,ARCH BUILDERS LLC,40.72082901000977,-74.00315856933594,1,NO,,5
1090693,102 CHARLTON STREET,MANHATTAN,102.0,5,22,YES,NB,121190139,CHARLTON DEVELOPMENT GRP*,40.72716903686523,-74.00810241699219,0,NO,,5
1090708,206 WEST 95 STREET,MANHATTAN,107.0,5,20,NO,NB,122484524,TRANSPARENT CONSTRUCTION,40.7934799194336,-73.9716567993164,1,NO,,6
1090716,211 WEST 29TH STREET,MANHATTAN,105.0,5,23,YES,NB,122753635,K S K CONSTRUCTION GROUP,40.74829864501953,-73.99339294433594,0,NO,,5
1090721,305 WEST 48TH STREET,MANHATTAN,104.0,5,27,NO,NB,121203786,JOY CONSTRUCTION CORP,40.76142883300781,-73.9874267578125,2,NO,,6
1090740,300 WEST 122ND STREET,MANHATTAN,110.0,3,13,NO,NB,120562284,HAPPY LIVING DEVELOPMENT,40.8081283569336,-73.95330047607422,1,NO,,5
1090783,251 EAST 2ND ST,MANHATTAN,103.0,5,10,YES,NB,121185092,NOBLE CONSTRUCTION GR LLC,40.72101974487305,-73.98148345947266,0,NO,,5
1090808,145 CENTRAL PARK NORTH,MANHATTAN,110.0,5,13,NO,NB,121203982,LOCUS CONSTRUCTION INC,40.79933166503906,-73.95443725585938,0,NO,,5
1090813,68 SPRING STREET,MANHATTAN,102.0,5,8,YES,NB,110146486,CNY CONSTRUCTION LLC,40.7223014831543,-73.99764251708984,1,NO,,5
1090820,611 WEST 56TH STREET,MANHATTAN,104.0,4,37,NO,NB,121190585,FOUNDATIONS GROUP I INC,40.769981384277344,-73.99227905273438,1,NO,,5
1090823,145 WEST 47TH STREET,MANHATTAN,105.0,6,23,NO,NB,121187802,TB USA L.L.C,40.75893020629883,-73.98339080810547,1,NO,,6
1090825,10 VANDERBILT AVENUE,MANHATTAN,105.0,11,59,YES,NB,121189828,TISHMAN CONSTRUCTION CORP,40.75297164916992,-73.97855377197266,3,NO,,8
1090826,2306 THIRD AVENUE,MANHATTAN,111.0,3,12,NO,NB,121190326,MEGA CONTRACTING GP LLC,40.80418014526367,-73.93585968017578,1,NO,,5
1090830,68 TRINITY PLACE,MANHATTAN,101.0,8,27,NO,NB,121186885,HUNTER ROBERTS CONST. GRP,40.70840835571289,-74.01297760009766,0,NO,,6
1090832,125 GREENWICH STREET,MANHATTAN,101.0,7,72,YES,NB,121183799,PLAZA CONSTRUCTION LLC,40.70909881591797,-74.01277160644531,0,NO,,5
1090848,161 EAST 28 STREET,MANHATTAN,106.0,5,19,NO,NB,123381312,FORKOSH CONSTRUCTION CO,40.74224853515625,-73.98116302490234,1,NO,,6
1090860,45 PARK PLACE,MANHATTAN,101.0,6,43,YES,NB,121185635,GILBANE RESIDENTIAL CONST,40.71372985839844,-74.00980377197266,0,NO,,5
1091568,150 EAST 78TH STREET,MANHATTAN,108.0,3,15,NO,NB,121204151,GILBANE RESIDENTIAL CONST,40.77397918701172,-73.95926666259766,1,NO,,5
1091569,39 WEST 23RD STREET,MANHATTAN,105.0,5,25,NO,NB,121190424,PIZZAROTTI LLC,40.742530822753906,-73.99093627929688,2,NO,,6
1091575,30 EAST 29TH STREET,MANHATTAN,105.0,5,46,NO,NB,121204552,LENDLEASE(US)CONSTRUCTION,40.74415969848633,-73.9847183227539,0,NO,,5
1091577,540 WEST 21ST STREET,MANHATTAN,104.0,5,20,NO,NB,121187820,HUNTER ROBERTS CONST. GRP,40.74710083007813,-74.00733184814453,0,NO,,5
1802192,111 EAST 24 STREET,MANHATTAN,105.0,7,12,YES,NB,121192798,TRINITY BUILDERS INC,40.74074172973633,-73.98503875732422,1,NO,,6
1813443,501 WEST 18 STREET,MANHATTAN,104.0,6,21,NO,NB,121191147,RELATED CONTRUCTION LLC,40.74515151977539,-74.00679016113281,2,NO,,6
2000972,2568 PARK AVENUE,BRONX,201.0,2,11,NO,NB,220152484,THE SWEET CONSTRUCTION GR,40.81288146972656,-73.92838287353516,5,NO,,5
2007859,1650 GRAND CONCOURSE,BRONX,204.0,8,16,YES,A2,220597655,MBL CONSTRUCTION CORP,40.84349060058594,-73.9110107421875,0,NO,,5
2013659,2065 RYER AVENUE,BRONX,205.0,1,12,NO,NB,220617205,UA BUILDERS CORP,40.85239028930664,-73.9013900756836,2,NO,,5
2098417,3188 VILLA AVENUE,BRONX,207.0,6,10,NO,NB,220620576,MEGA CONTRACTING GP LLC,40.87667083740234,-73.88648986816406,0,NO,,5
2127129,600 BERGEN AVENUE,BRONX,201.0,4,13,NO,NB,220151868,MOUNTCO CONST. & DEV.CORP,40.816688537597656,-73.91470336914062,14,NO,,5
2128204,2865 CRESTON AVENUE,BRONX,207.0,4,13,NO,NB,220152395,HOLLISTER CONSTRUCTION SE,40.87152099609375,-73.89161682128906,1,NO,,5
2128373,1600 RANDALL AVENUE,BRONX,209.0,7,6,NO,NB,220152457,ANDRON CONSTRUCTION CORP,40.81575012207031,-73.86898040771484,1,NO,,5
2128398,1812 VYSE AVENUE,BRONX,203.0,4,12,NO,NB,220152581,HLS BUILDERS CORP,40.83821105957031,-73.88477325439453,4,NO,,5
2128505,220 EAST 178 STREET,BRONX,205.0,3,12,NO,NB,220546620,M. MELNICK & COMPANY INC,40.8501205444336,-73.90411376953125,1,NO,,5
2128910,225 EAST 179 STREET,BRONX,205.0,5,12,NO,NB,220546639,M. MELNICK & COMPANY INC,40.85102844238281,-73.90332794189453,0,NO,,5
2129026,1932 BRYANT AVENUE,BRONX,206.0,4,15,NO,NB,220152750,MONADNOCK CONSTRUCTION IN,40.84001159667969,-73.88157653808594,1,NO,,5
2129027,1560 BOONE AVENUE,BRONX,203.0,6,15,NO,NB,220152876,MONADNOCK CONSTRUCTION IN,40.83361053466797,-73.88416290283203,2,NO,,6
2129056,556 BERGEN AVENUE,BRONX,201.0,4,12,NO,NB,220151859,MOUNTCO CONST. & DEV.CORP,40.8160285949707,-73.91546630859375,3,NO,,5
2129154,600 EAST 156TH STREET,BRONX,201.0,4,12,NO,NB,220152705,MEGA CONTRACTING GP LLC,40.81864929199219,-73.90934753417969,1,NO,,5
2129268,443 EAST 162ND STREET,BRONX,203.0,7,12,NO,NB,220152144,BRONX COMMONS BUILDERS LL,40.82453155517578,-73.91152954101562,1,NO,,6
2129282,16 E  204TH STREET,BRONX,207.0,6,12,NO,NB,220415012,GALAXY GENERAL CONTRACTIN,40.87482070922852,-73.88799285888672,1,NO,,6
2129428,2195 MORRIS AVENUE,BRONX,205.0,5,12,NO,NB,220546648,M. MELNICK & COMPANY INC,40.85634994506836,-73.9033432006836,1,NO,,6
2831457,186 ST GEORGES CRESCENT,BRONX,207.0,5,10,NO,NB,220600758,BE BRONX BUILDERS LLC,40.87644958496094,-73.88440704345703,0,NO,,5
2833311,707 CONCOURSE VILLAGE WEST,BRONX,204.0,5,11,YES,NB,220152634,JOY CONSTRUCTION CORP,40.82204055786133,-73.92427062988281,1,NO,,6
3000262,370 JAY STREET,BROOKLYN,302.0,5,17,YES,A2,321780747,SIRINA FIRE PROT CORP,40.692909240722656,-73.98766326904297,3,NO,,5
3000265,6 METROTECH,BROOKLYN,302.0,8,8,NO,A1,321543497,SKANSKA USA BUILDING INC,40.69419860839844,-73.98661041259766,1,NO,,5
3000370,9 DEKALB AVENUE,BROOKLYN,302.0,4,72,YES,NB,320914338,JDS CONSTRUCTION GROUP*,40.69039916992188,-73.98239135742188,4,NO,,5
3000417,1 BOERUM PLACE,BROOKLYN,302.0,5,21,NO,NB,320912394,LEEDING BUILDERS GROUP LL,40.69157028198242,-73.98877716064453,1,NO,,6
3002703,76 SCHERMERHORN STREET,BROOKLYN,302.0,5,12,NO,NB,321188086,NOBLE CONSTRUCTION GR LLC,40.6905403137207,-73.99089050292969,2,NO,,6
3007326,420 UNION STREET,BROOKLYN,306.0,5,3,YES,NB,302572632,CITNALTA CONSTRUCTION COR,40.68016052246094,-73.99114227294922,1,NO,,5
3029645,805 WASHINGTON AVENUE,BROOKLYN,308.0,6,9,YES,NB,321478548,HAPPY LIVING DEVELOPMENT,40.672340393066406,-73.96238708496094,1,NO,,5
3029723,109 MONTGOMERY STREET,BROOKLYN,309.0,6,12,NO,NB,321090029,NY DEVELOPERS & MANAGEMEN,40.6668701171875,-73.96089172363281,1,NO,,6
3057751,1134 FULTON ST,BROOKLYN,303.0,8,10,YES,NB,321128999,EMPIRE MANAGEMENT & CON*,40.68070983886719,-73.95519256591797,0,NO,,6
3058752,29 FORT GREENE PLACE,BROOKLYN,302.0,8,11,YES,A2,302586547,FORSYTHE P&H CORP,40.68891143798828,-73.97643280029297,0,NO,,5
3085896,672 POWELL STREET,BROOKLYN,316.0,5,11,NO,NB,321189735,PROCIDA CONSTRUCTION CORP,40.65763854980469,-73.90132141113281,0,NO,,5
3116661,123 LINDEN BLVD,BROOKLYN,317.0,8,26,YES,NB,321228603,BUSHBURG BUILDERS LLC,40.6527099609375,-73.95430755615234,3,NO,,7
3119523,2107 DITMAS AVENUE,BROOKLYN,314.0,11,6,YES,A1,320913268,RAY BUILDERS INC,40.64023971557617,-73.95762634277344,0,NO,,5
3137303,4813 9TH AVENUE,BROOKLYN,312.0,8,7,YES,NB,320592970,AMERICON CONSTRUCTION INC,40.64043045043945,-74.00032043457031,4,NO,,6
3189556,2007 SURF AVENUE,BROOKLYN,313.0,8,18,YES,A2,321435425,KORDUN CONSTRUCTION CORP,40.57543182373047,-73.98726654052734,1,NO,,6
3245026,40 BRIGHTON 1 ROAD,BROOKLYN,313.0,5,16,NO,A2,322008661,GUARANTEED HOME IMPROVEME,40.57548141479492,-73.96710968017578,1,NO,,5
3251647,39 AUBURN PLACE,BROOKLYN,302.0,8,10,NO,A2,321091322,U.S. TECH CONSTRUCTION CO,40.695499420166016,-73.97682189941406,0,NO,,5
3323539,277 SOUTH 5TH STREET,BROOKLYN,301.0,4,23,NO,NB,321192437,1 OAK CONTRACTING LLC,40.70959854125977,-73.95791625976562,2,NO,,5
3329438,11 HOYT STREET,BROOKLYN,302.0,8,52,YES,A1,321197058,TRITON CONSTRUCTION CO.,40.689788818359375,-73.9849624633789,8,NO,,6
3335899,422 FULTON STREET,BROOKLYN,302.0,12,14,YES,A1,320908899,TRANSPARENT CONSTRUCTION,40.69028854370117,-73.98603820800781,21,NO,,7
3346567,98 FRONT STREET,BROOKLYN,302.0,7,10,NO,NB,321191839,TRITON CONSTRUCTION CO.,40.70198059082031,-73.98889923095703,1,NO,,6
3385303,2943 WEST 28TH ST,BROOKLYN,313.0,8,17,YES,A2,321263048,KORDUN CONSTRUCTION CORP,40.57481002807617,-73.99317169189453,0,NO,,5
3396962,138 WILLOUGHBY STREET,BROOKLYN,302.0,7,57,NO,NB,321197085,LENDLEASE(US)CONSTRUCTION,40.691810607910156,-73.98298645019531,15,NO,,6
3397135,15 LAFAYETTE AVENUE,BROOKLYN,302.0,5,12,NO,A2,340649427,NICE PLUMBING CORP,40.68703842163086,-73.97857666015625,1,NO,,5
3397264,800 FLATBUSH AVENUE,BROOKLYN,314.0,4,14,NO,NB,321188567,LETTIRE CONSTRUCTION CORP,40.653228759765625,-73.95982360839844,2,NO,,5
3418262,41 BLUE SLIP,BROOKLYN,301.0,5,39,YES,NB,320597449,CONSIGLI & ASSOCIATES LLC,40.73643112182617,-73.95955657958984,4,NO,,6
3418325,1544 OCEAN PARKWAY,BROOKLYN,312.0,5,7,YES,NB,302032342,QUALITY LOFTS LLC,40.610939025878906,-73.96862030029297,1,NO,,5
3421378,1 CLINTON STREET,BROOKLYN,302.0,5,36,NO,NB,321197478,CONSIGLI & ASSOCIATES LLC,40.69567108154297,-73.9914321899414,10,NO,,6
3421430,569 MARCY AVE,BROOKLYN,303.0,6,9,NO,NB,321042590,EMPIRE ID CONSTRUCTION,40.69562911987305,-73.94898223876953,1,NO,,5
3421880,911 ERSKINE STREET,BROOKLYN,305.0,7,9,YES,NB,321195096,CHATEAU GC LLC,40.65396118164063,-73.86679077148438,1,NO,,5
3424448,211 SCHERMERHORN STREET,BROOKLYN,302.0,6,14,YES,NB,321196200,OESTREICHER CONSTRUCTION,40.68898010253906,-73.98532104492188,2,NO,,6
3424477,540 FULTON STREET,BROOKLYN,302.0,5,43,NO,NB,321185828,PAV-LAK CONTRACTING INC,40.68878936767578,-73.98152160644531,2,NO,,6
3424494,112 ST EDWARDS STREET,BROOKLYN,302.0,7,18,NO,NB,321186541,INGERSOLL BUILDERS LLC,40.69384002685547,-73.97791290283203,1,NO,,6
3424502,405 DUMONT AVENUE,BROOKLYN,316.0,4,12,NO,NB,321186729,MEGA CONTRACTING GP LLC,40.66482162475586,-73.90454864501953,1,NO,,5
3424693,76 DINSMORE PLACE,BROOKLYN,305.0,6,5,YES,NB,302575256,LEON D. DEMATTEIS CONSTRU,40.68127822875977,-73.87640380859375,1,NO,,5
3424758,270 59TH STREET,BROOKLYN,307.0,9,5,YES,NB,302572650,ARNELL CONSTRUCTION CORP,40.64282989501953,-74.02073669433594,0,NO,,5
3425088,2858 LINDEN BLVD,BROOKLYN,305.0,5,12,NO,NB,321191198,REAL BUILDERS INC,40.67004013061523,-73.85868835449219,0,NO,,5
3425091,85 JAY STREET,BROOKLYN,302.0,4,21,NO,NB,321188415,NEW LINE STRUCTURES & DEV,40.70193099975586,-73.98573303222656,5,NO,,5
3425101,535 4TH AVE,BROOKLYN,306.0,4,12,YES,NB,320626612,DYNATEC CONTRACTING INC,40.66688919067383,-73.99115753173828,6,NO,,5
3425135,1520 FULTON STREET,BROOKLYN,303.0,3,10,NO,NB,321129792,PRESS BUILDERS INC,40.67958068847656,-73.93993377685547,1,NO,,5
3425163,315 LINWOOD STREET,BROOKLYN,305.0,6,10,NO,NB,321193944,L & M BUILDERS GROUP LLC,40.67800903320313,-73.88333129882812,0,NO,,5
3425188,243 4TH AVENUE,BROOKLYN,306.0,4,12,YES,NB,320909228,WERIZE INC,40.67631912231445,-73.98338317871094,2,NO,,5
3425443,541 4TH AVE,BROOKLYN,307.0,5,11,NO,NB,321238264,SD BUILDERS AND CONSTRUCT,40.66632843017578,-73.99163055419922,1,NO,,6
3425612,399 SANDS STREET,BROOKLYN,302.0,8,9,NO,NB,320910289,BARR & BARR INC,40.7022590637207,-73.97277069091797,0,NO,,5
3425720,554 4 AVE,BROOKLYN,307.0,2,11,YES,NB,320622224,ABM CONSTRUCTION 1 INC,40.66670989990234,-73.9922103881836,1,NO,,5
3425854,22 ECKFORD ST,BROOKLYN,301.0,5,8,YES,NB,320909772,470 MANHATTAN CON LLC,40.72043991088867,-73.9474868774414,1,NO,,5
3425870,300 RODNEY STREET,BROOKLYN,301.0,5,16,NO,NB,321182910,PARKVIEW BUILDERS LLC,40.70814895629883,-73.95630645751953,0,NO,,5
3426190,420 ALBEE SQUARE,BROOKLYN,302.0,5,35,NO,NB,321191027,GILBANE BUILDING COMPANY,40.69112014770508,-73.98383331298828,1,NO,,6
3426306,61 BOND ST,BROOKLYN,302.0,9,13,YES,NB,320914221,BROADWAY CONSTRUCTION GR,40.68782043457031,-73.9837417602539,0,NO,,6
3426411,31 SPENCER STREET,BROOKLYN,303.0,5,15,NO,NB,321516640,SUNSHINE CONSTR USA INC,40.69802856445313,-73.9555892944336,0,NO,,5
3426584,1620 FULTON STREET,BROOKLYN,303.0,3,11,NO,NB,321191214,FULTON STREET BUILDERS LL,40.67940902709961,-73.93618774414062,1,NO,,5
3426694,269 4 AVE,BROOKLYN,306.0,5,12,YES,NB,320596805,NEW EMPIRE BUILDER CORP,40.67535018920898,-73.98406219482422,0,NO,,5
3426816,3514 SURF AVE,BROOKLYN,313.0,6,21,NO,NB,321189842,HUDSON MERIDIAN CONSTRUCT,40.57297134399414,-74.0005874633789,2,NO,,6
3428525,609 4TH AVENUE,BROOKLYN,307.0,2,11,NO,NB,321195229,DANYA CEBUS CONSTRUCTION,40.66436004638672,-73.99342346191406,1,NO,,5
3428584,575 4 AVENUE,BROOKLYN,307.0,9,11,YES,NB,321042331,TITAN REALTY & CONSTRUCTI,40.66545104980469,-73.99210357666016,0,NO,,6
3829837,679 VAN SINDEREN AVENUE,BROOKLYN,305.0,5,7,NO,NB,321197307,MACQUESTEN CONS. MNGMT,40.659950256347656,-73.89942932128906,1,NO,,5
3847142,271 SEA BREEZE AVENUE,BROOKLYN,313.0,8,20,YES,NB,301677460,RYBAK DEVELOPMENT AND CON,40.57622146606445,-73.9713134765625,0,NO,,6
4000561,22-43 JACKSON AVENUE,QUEENS,402.0,4,11,YES,NB,420659406,ZHONG WANG CONSTRUCTION S,40.74589920043945,-73.94622802734375,1,NO,,5
4004871,29-61 NORTHERN BOULEVARD,QUEENS,401.0,7,1,YES,NB,421623960,HUNTER ROBERTS CONST. GRP,40.75094985961914,-73.9363784790039,1,NO,,5
4005063,24-16 QUEENS PLAZA SOUTH,QUEENS,402.0,8,22,YES,A1,421214901,ROSS & ASSOCIATES LLC,40.75046157836914,-73.94107055664062,2,NO,,6
4005166,23-15 44TH DRIVE,QUEENS,402.0,6,67,NO,NB,420655954,NEW LINE STRUCTURES & DEV,40.74795913696289,-73.9444580078125,9,NO,,6
4053651,64-06 QUEENS BLVD,QUEENS,402.0,5,8,NO,NB,421163396,GREEN-CITI MANAGEMENT INC,40.740699768066406,-73.90135192871094,1,NO,,5
4113393,141-26 NORTHERN BLVD,QUEENS,407.0,7,11,NO,NB,421191560,AAA GENERAL CONSTRUCTION,40.76411056518555,-73.8247299194336,0,NO,,5
4211112,170-45 84TH AVENUE,QUEENS,408.0,8,3,YES,NB,421104183,ABC CONSTRUCTION CONT INC,40.717140197753906,-73.79408264160156,0,NO,,5
4213968,90-75 SUTPHIN BLVD,QUEENS,412.0,5,15,YES,A1,421171975,W & L GROUP CONSTRUCTION,40.7011604309082,-73.8072509765625,1,NO,,5
4438669,150-13 89 AVENUE,QUEENS,412.0,8,3,YES,DM,421740272,ALBA SERVICES INC,40.70544815063477,-73.80476379394531,4,NO,,5
4534020,131-07 40 ROAD,QUEENS,407.0,5,17,NO,A2,421734680,JOHNNY'S P&H CONT. INC,40.75653839111328,-73.83744812011719,4,NO,,5
4537881,38-39 9TH STREET,QUEENS,401.0,4,16,NO,NB,421634020,PACIFIC RIM,40.75804138183594,-73.94391632080078,1,NO,,5
4539113,27-17 42 ROAD,QUEENS,402.0,1,25,NO,NB,402654971,MILESTONE CONSTRUCTION C,40.74932861328125,-73.93993377685547,6,NO,,5
4540366,34-46 VERNON BLVD,QUEENS,401.0,5,17,YES,NB,420569085,VORDONIA CONTRACTING & SU,40.76480102539063,-73.94207763671875,0,NO,,5
4541700,36-18 MAIN STREET,QUEENS,407.0,8,14,YES,NB,401816923,W & L GROUP CONSTRUCTION,40.7623291015625,-73.8325424194336,5,NO,,7
4576571,45-16 83RD STREET,QUEENS,404.0,6,8,NO,NB,420854070,MSL CONSTRUCTION LLC,40.7411994934082,-73.88221740722656,1,NO,,5
4594838,37-11 23 STREET,QUEENS,401.0,6,10,NO,NB,420804188,CHARAN ELECTRICAL ENTERPR,40.75738906860352,-73.93624877929688,0,NO,,5
4596913,22-44 JACKSON AVENUE,QUEENS,402.0,8,48,YES,NB,420651912,G & M REALTY L.P,40.7447395324707,-73.94551086425781,13,NO,,7
4597144,37-09 COLLEGE POINT BOULEVARD,QUEENS,407.0,5,16,YES,NB,420653858,TOP 8 CONSTRUCTION CORP,40.76005172729492,-73.83399963378906,1,NO,,6
4607280,147-40 ARCHER AVENUE,QUEENS,412.0,6,30,YES,NB,420654508,CNY CONSTRUCTION LLC,40.700538635253906,-73.80679321289062,2,NO,,6
4607281,148-10 ARCHER AVENUE,QUEENS,412.0,5,16,YES,NB,420654517,CNY CONSTRUCTION LLC,40.70074844360352,-73.80579376220703,2,NO,,6
4607473,142 30 135 AVENUE,QUEENS,412.0,5,12,NO,NB,420655641,DLC DEVELOPMENT CORP,40.6675910949707,-73.7966537475586,0,NO,,5
4607474,135-25 142 STREET,QUEENS,412.0,5,11,NO,NB,420655632,DLC DEVELOPMENT CORP,40.6675910949707,-73.7966537475586,0,NO,,5
4611484,36-02 34TH AVENUE,QUEENS,401.0,6,4,YES,NB,421368166,URBAN ATELIER GROUP LLC,40.75722885131836,-73.92328643798828,2,NO,,5
4615628,28-07 JACKSON AVENUE,QUEENS,402.0,10,27,YES,NB,420656873,NEW LINE STRUCTURES & DEV,40.74895095825195,-73.93860626220703,7,NO,,7
4617504,4519 ROCKAWAY BEACH BOULEVARD,QUEENS,414.0,5,8,NO,NB,420662410,L & M BUILDERS GROUP LLC,40.59360122680664,-73.77652740478516,1,NO,,5
4617821,42-20 27TH ST,QUEENS,402.0,5,18,NO,NB,421079013,GALAXY DEVELOPERS LLC,40.74980926513672,-73.94066619873047,2,NO,,6
4617857,111-12 ASTORIA BOULEVARD,QUEENS,403.0,7,5,YES,NB,421105093,E.W. HOWELL CO LLC,40.75944137573242,-73.85871124267578,1,NO,,5
4617913,52-41 CENTER BOULEVARD,QUEENS,402.0,5,46,NO,NB,420663703,52-41 CENTER GC LLC,40.74139022827149,-73.96016693115234,2,NO,,6
4618195,27-49 JACKSON AVENUE,QUEENS,402.0,3,13,NO,NB,421324310,DHC CONTRACTING INC,40.7484016418457,-73.93965911865234,1,NO,,5
4618566,41-62 BOWNE STREET,QUEENS,407.0,2,14,NO,NB,421210022,AAA GENERAL CONSTRUCTION,40.75754928588867,-73.8231430053711,1,NO,,5
4618575,134-37 35TH AVENUE,QUEENS,407.0,5,15,YES,NB,420892323,TRIBOROUGH CONSTRUCTION S,40.7647705078125,-73.83233642578125,0,NO,,5
4618758,37-46 72 STREET,QUEENS,403.0,6,15,YES,NB,420653000,BRAVO BUILDERS LLC,40.747230529785156,-73.89434814453125,0,NO,,5
4619413,153-24 90 ROAD,QUEENS,412.0,3,21,NO,NB,420664203,JAMAICA BUILDERS LLC,40.7032585144043,-73.80158996582031,1,NO,,5
4619700,161-11 132 AVENUE,QUEENS,412.0,4,10,NO,NB,420663776,MEGA CONTRACTING GP LLC,40.67575073242188,-73.77802276611328,1,NO,,5
4619928,148-18 ARCHER AVENUE,QUEENS,412.0,7,15,YES,NB,420857399,GRAND CONSTRUCTION & DEV*,40.700950622558594,-73.80510711669922,0,NO,,5
4850122,43-12 HUNTER STREET,QUEENS,402.0,5,18,NO,NB,420659530,43-12 HUNTER GC LLC,40.7481803894043,-73.94241333007812,2,NO,,6
5166155,35A BAY STREET,STATEN ISLAND,501.0,7,16,YES,NB,520138379,HOLLISTER CONSTRUCTION SE,40.64165878295898,-74.0750503540039,2,NO,,6
